testLocation,ppt,MeanLLM,MeanSLM,stdLLM,stdSLM,nSettings,LogAxisRatio,AxisRatioNormed,EllipseAngleUnnormed,timestart,CL,testSeason,age,birthLocation,birthNumber,birthSeason
1,001o,0.704613866454229,0.94642457404775,0.0091647922981392,0.150894107695987,45,0.22289851362523,1.67070015778491,91.6484307796961,15-Jun-2021 09:11:56,0.80958095809581,1,22,0,10,2
0,001t,0.689857552402072,1.53499938523356,0.00538650016415792,0.202182220567114,61,0.448816952507272,2.81071591333786,91.1836092203362,18-Jun-2021 12:56:55,0.711971197119712,1,33.25,1,3,4
1,002o,0.704822270905582,1.1118196890002,0.00653933402880271,0.142372015019446,93,0.270548017480269,1.86443830723726,91.4576205529807,16-Jun-2021 13:18:15,0.793479347934793,1,26.5,0,12,3
0,002t,0.684203442497285,1.08581459356166,0.00784657873791688,0.194023598180142,58,0.29306028844032,1.96363284798319,91.3639590620398,21-Jun-2021 13:36:35,0.742674267426743,1,27,0,5,1
1,003o,0.701759395824034,0.993077725310771,0.00517635915370945,0.0873790171454798,46,0.260316850535115,1.82102895185726,91.8253587798305,17-Jun-2021 09:10:43,0.797479747974797,1,31,0,NaN,NaN
0,003t,0.689725731904855,1.59320747760811,0.00828491119927419,0.181162385776399,13,0.129293813724014,1.34677117850891,90.7592270301399,22-Jun-2021 12:56:33,0.705770577057706,1,19.5,1,12,3
1,004o,0.69739457761012,0.913089481526902,0.00859104966085855,0.138317670947256,63,0.145832224268381,1.39904674136409,91.1558368372209,20-Jun-2021 15:40:16,0.794279427942794,1,29.3333333333333,0,2,4
0,004t,0.682210027575531,1.27476778008308,0.00880417994275938,0.212148441436752,107,0.168126175627189,1.47274031570148,90.8783508639548,24-Jun-2021 09:56:16,0.718371837183718,1,19,1,8,2
1,005o,0.709086024743228,0.919267151329818,0.00689598556360187,0.102502154635241,41,0.450714573476215,2.82302402047324,92.9977801103207,22-Jun-2021 09:33:17,0.823982398239824,1,25.5,0,NaN,NaN
0,005t,0.692259981733288,1.30218242463767,0.00759086062941121,0.227166257265393,32,0.283012182825737,1.91872256390716,91.097324496369,24-Jun-2021 13:11:47,0.741674167416742,1,28.5,0,12,3
1,006o,0.699307335953358,0.937056250511593,0.00551838396435433,0.103265921272321,73,0.329307261422045,2.13455456694707,91.9622453286829,23-Jun-2021 10:01:48,0.796779677967797,1,26.2083333333333,NaN,12,3
0,006t,0.700182506447025,1.03658337917244,0.00469176991763603,0.109135867120309,18,0.290876176533424,1.95378232552893,91.4419673440917,25-Jun-2021 11:46:22,0.789078907890789,1,31,0,5,1
1,007o,0.698690434827043,1.27203804730461,0.00880759743718923,0.215215481138394,91,0.378102165608818,2.38837306967342,91.6462599718574,25-Jun-2021 11:05:25,0.761376137613761,1,27,0,NaN,NaN
0,007t,0.689051613084008,1.15977294799044,0.00939641984995265,0.179668605366519,17,0.136911588009796,1.37060271576423,90.9167425364083,25-Jun-2021 14:34:18,0.747774777477748,1,30.8333333333333,1,9,2
1,008o,0.701973321086956,1.00788943056756,0.00737688497749345,0.165665156422484,63,0.5323344382904,3.40670429687152,92.1467645321316,26-Jun-2021 13:00:14,0.796579657965797,1,20.75,0,9,2
0,008t,0.688906749560382,1.16633367148612,0.00860727392243044,0.199279091989453,35,0.426841879144045,2.67203337965612,91.86750393396,30-Jun-2021 13:15:38,0.746674667466747,1,27,1,11,3
1,009o,0.706296637322051,0.959153712165579,0.00665691849257396,0.188311536831209,53,0.186342022356507,1.53582602429336,90.8201766603698,01-Jul-2021 12:50:43,0.812681268126813,1,18,0,NaN,NaN
0,009t,0.686266571199847,1.27696283340362,0.00509881314352282,0.126157195847863,17,0.237201866344126,1.72664027281911,91.153662304733,08-Jul-2021 13:10:03,0.728672867286729,1,29.9166666666667,1,8,2
1,010o,0.701151178374453,1.08338783332086,0.0074396748058474,0.12849724633135,18,0.354089503241276,2.25990146267873,92.2338893901773,06-Jul-2021 16:28:56,0.786878687868787,1,26.5,0,12,3
0,010t,0.686830125466773,1.25767327938367,0.00741782412192712,0.19474458673529,30,0.114294660500175,1.30105201755182,90.5621894784184,09-Jul-2021 13:44:18,0.732073207320732,1,22.5833333333333,0,12,3
1,011o,0.696408845258054,1.28761615964102,0.00682179309121081,0.200322213169997,19,0.412562481848886,2.58560680347039,91.4438492916105,08-Jul-2021 09:58:04,0.753975397539754,1,26.4166666666667,0,1,3
0,011t,0.682516490589385,1.19325215311226,0.00695778505337308,0.204639739295671,11,0.043234331615257,1.10467450667575,90.1935140389213,13-Sep-2021 17:05:51,0.727472747274727,2,30.5833333333333,0,2,4
1,012o,0.690137505422911,1.20895492584346,0.0127988819912362,0.230485256873713,27,0.392456418530557,2.46863236511486,92.2868631600172,08-Jul-2021 13:15:04,0.745574557455746,1,28.75,0,9,2
0,012t,0.692134493273811,1.19418035503114,0.00968024666828032,0.201689704976537,47,0.0879567918855405,1.22449436781884,90.5506514347659,14-Sep-2021 10:12:57,0.752275227522752,2,19.8333333333333,0,11,3
1,013o,0.691117645860934,1.21611468459844,0.00770291877251993,0.127186179542811,41,0.0589885652510924,1.14548278107979,90.4701313304024,13-Sep-2021 07:06:32,0.747474747474748,2,24.6666666666667,0,12,3
0,013t,0.681029721483505,1.33829418273623,0.00592880388117262,0.187020189203069,27,0.490434847989732,3.09339121613011,91.4728276938999,14-Sep-2021 14:11:55,0.708970897089709,2,29.75,0,12,3
1,014o,0.697084767709366,1.20595096737591,0.00853942047726198,0.210313407984971,81,0.320834321046599,2.09331372548744,91.4630224153879,13-Sep-2021 12:03:50,0.763876387638764,2,22.0833333333333,0,8,2
0,014t,0.700145043057134,0.8972016462364,0.0103071153112869,0.189777998465563,21,0.177193507494093,1.50381186648666,91.20642230476,15-Sep-2021 10:09:15,0.802980298029803,2,19.6666666666667,1,1,3
1,015o,0.691827962523743,1.24023177042866,0.00874711724081149,0.211191911319258,59,0.349520383350168,2.23625015331478,91.5832579972753,13-Sep-2021 17:21:48,0.746874687468747,2,19.1666666666667,0,7,1
0,015t,0.688511736449751,1.21706074015514,0.00988810092214848,0.160674112670022,15,0.228760505841047,1.69340370582255,91.707132856608,15-Sep-2021 14:12:24,0.740574057405741,2,23.0833333333333,1,8,2
1,016o,0.695763096556823,1.02784652780329,0.00553756041904824,0.117582947086311,34,0.354443292561626,2.26174319630529,91.8174726875468,14-Sep-2021 09:07:59,0.778477847784778,2,22.5,0,3,4
0,016t,0.689647076942681,1.16718961921145,0.00392714356339654,0.103661907528143,29,0.300268889299879,1.99649804516919,91.3008975521726,16-Sep-2021 09:01:49,0.748574857485749,2,19.1666666666667,0,7,1
1,017o,0.695315861831408,1.07415664009888,0.00393561234149543,0.16399242171165,35,0.395763381381812,2.48750167227733,90.9925939299071,14-Sep-2021 15:02:55,0.772677267726773,2,25,0,9,2
0,017t,0.699666630189466,0.936550697088202,0.00621192867073946,0.172613311941354,29,0.115359655874511,1.30424642770223,90.5358057437181,21-Sep-2021 15:40:27,0.797779777977798,2,24.3333333333333,0,5,1
1,018o,0.69118558712191,1.23355597493213,0.0114156000447684,0.283329757998674,52,0.26930810474164,1.85912291865487,91.2736746218003,14-Sep-2021 18:07:12,0.745874587458746,2,20.75,0,1,3
0,018t,0.693581073713855,1.17976682711374,0.00658893390721443,0.16151118355702,68,0.266003989192406,1.84503236656336,91.2772316997972,22-Sep-2021 10:04:48,0.757475747574757,2,25.3333333333333,0,5,1
1,019o,0.707343147836024,1.08308116047207,0.00650965811120475,0.126898980657405,23,0.195741241951131,1.56942744133949,91.2442373416576,15-Sep-2021 07:06:22,0.802880288028803,2,22.1666666666667,0,7,1
0,019t,0.690330484097953,1.17239843595703,0.00482477539603203,0.114760755436495,38,0.309154228704256,2.03776561015821,91.4751190502969,22-Sep-2021 14:02:47,0.74977497749775,2,26.75,0,12,3
1,020o,0.697387316174062,1.20182208958694,0.0067645075123524,0.136948599926222,37,0.409454941391746,2.56717184692444,92.085793918856,15-Sep-2021 10:01:47,0.765076507650765,2,22.3333333333333,0,5,1
0,020t,0.696783562744268,1.18445124887838,0.00816481089976737,0.203475042592254,54,0.369986947122619,2.34415835973569,91.5920727756096,23-Sep-2021 09:05:20,0.765276527652765,2,23.5,0,3,4
1,021o,0.689706053231885,1.32428959651806,0.00674600943962248,0.172429753398762,57,0.246655076161032,1.76463576117041,91.1529824168855,15-Sep-2021 14:14:55,0.732873287328733,2,22.8333333333333,0,11,3
0,021t,0.691780783006974,1.18591058451154,0.00405637952956941,0.14104708068286,66,0.211466116700027,1.62729435051628,90.7448580437636,23-Sep-2021 14:03:37,0.752175217521752,2,22.75,0,12,3
1,022o,0.686701380670403,1.05874824131574,0.00660687633378201,0.149639450215029,56,0.187743690441098,1.54079084898738,91.031765006143,15-Sep-2021 17:10:55,0.751875187518752,2,30,0,7,1
0,022t,0.691075662127946,1.35772618217695,0.00967594873895019,0.250497294779547,44,0.227410764681932,1.68814895665277,91.0645204181318,24-Sep-2021 10:13:16,0.733073307330733,2,22.8333333333333,0,11,3
1,023o,0.690157332870399,1.16216036020192,0.00407753410368679,0.134198871949703,35,0.294758455797529,1.97132602677958,91.0288128538648,16-Sep-2021 07:09:27,0.75037503750375,2,23.25,1,6,1
0,023t,0.686803910288278,1.12533113599648,0.00786907184411068,0.162955378291037,36,0.124913432480429,1.33325564905299,90.7761752810144,25-Sep-2021 12:06:19,0.745374537453745,2,29.8333333333333,0,11,3
1,024o,0.69803387738841,0.960613356585567,0.00625398029939921,0.116882277110711,50,0.47905004115305,3.01335321483353,92.4584517438793,16-Sep-2021 10:11:52,0.791179117911791,2,19.5,0,3,4
0,024t,0.706021169311731,0.994792374954716,0.00991007944440997,0.202326389694485,40,0.205941325104472,1.60672416358376,91.2414586517712,27-Sep-2021 10:13:06,0.808380838083808,2,23.25,0,7,1
1,025o,0.711774124876858,0.766372917935663,0.00785654008473994,0.147127127835201,24,0.444519775668472,2.78304209723299,92.3612568920874,16-Sep-2021 17:07:03,0.846384638463846,2,24.3333333333333,0,5,1
0,025t,0.683956535192269,1.15135619483088,0.0106475741425919,0.307286879443063,40,0.222936280988299,1.67084545247716,90.9389229457683,28-Sep-2021 10:19:21,0.735373537353735,2,19,0,9,2
1,026o,0.696663947313149,0.957581869253043,0.00902571844336577,0.130681047412424,39,0.39635589290327,2.49089770729065,92.8628343103685,17-Sep-2021 14:06:24,0.787878787878788,2,25.6666666666667,1,12,3
0,026t,0.686878721231361,1.10664059822785,0.00806902869401017,0.191298166021381,48,0.358089196351734,2.28081046174659,91.63855119467,28-Sep-2021 17:51:21,0.747474747474748,2,24.5833333333333,0,2,4
1,027o,0.702838429890008,1.03814127885372,0.00728340089559435,0.151771363011539,57,0.482119478257391,3.03472594934272,92.2116540801971,19-Sep-2021 08:41:05,0.795779577957796,2,27,0,9,2
0,027t,0.684343853496354,1.33893865951088,0.00413606612451269,0.118632358592625,26,0.190888044534495,1.55198687636659,90.8263000780459,29-Sep-2021 10:09:14,0.717471747174718,2,25.25,0,6,1
1,028o,0.694995458559547,0.986064121610596,0.00569273027621244,0.112060646966027,51,0.426507241940231,2.66997528908659,92.1958824288522,20-Sep-2021 12:11:19,0.780678067806781,2,21.8333333333333,0,11,3
0,028t,0.689806927369656,1.35604399552344,0.007527478778341,0.183510688310003,22,0.232356585413536,1.70748377433534,91.1510743675718,30-Sep-2021 14:10:07,0.72987298729873,2,30.6666666666667,1,1,3
1,029o,0.707467084762237,0.89281832842998,0.0061274231060891,0.119254100074792,53,0.498273365895524,3.14973028243269,92.4054828315155,21-Sep-2021 09:02:07,0.822482248224823,2,23.0833333333333,0,8,2
0,029t,0.686784507998024,1.26567159352339,0.00818945849369563,0.212648752326084,67,0.352773626583288,2.25306450954503,91.4811508441083,01-Oct-2021 14:10:28,0.731173117311731,2,20.1666666666667,1,7,1
1,030o,0.694778249315583,1.13487930319172,0.00855674995989522,0.144845007073099,63,0.382907368194481,2.41494568942855,92.3966767131193,21-Sep-2021 12:04:12,0.765076507650765,2,23.5833333333333,0,2,4
0,030t,0.69378047963147,1.21918541466651,0.00819720833486988,0.196120558489173,47,0.279659790629145,1.90396863879519,91.3605754348576,04-Oct-2021 10:06:24,0.753975397539754,2,25.0833333333333,1,9,2
1,031o,0.695981793954301,1.06449782205217,0.00789657543686854,0.163703557029781,68,0.39110091451894,2.46093937208911,91.9818706635562,21-Sep-2021 18:05:52,0.775377537753775,2,23.4166666666667,0,4,4
0,031t,0.690448148524879,1.03005455953639,0.00974020890112475,0.177442880108462,16,0.488236718811281,3.07777394511616,92.5454290506298,05-Oct-2021 10:09:05,0.764476447644765,2,28.9166666666667,0,11,3
1,032o,0.688790507816256,1.08440320771452,0.00697501199783223,0.167972586221469,47,0.163399310896638,1.45679791392921,90.8563942596084,22-Sep-2021 14:15:15,0.754675467546755,2,21.5,0,3,4
0,032t,0.690114429963775,1.06236754567732,0.0119949932579861,0.293918457870283,88,0.0141045948242328,1.03301016440587,90.0760400393634,05-Oct-2021 14:13:21,0.76037603760376,2,25.0833333333333,1,9,2
1,033o,0.69353930979345,1.08727491118026,0.00689421446130991,0.142832331691879,42,0.365405668144971,2.3195603058274,91.9002943885978,23-Sep-2021 14:10:58,0.766676667666767,2,20.4166666666667,0,4,4
0,033t,0.687138085751181,1.17373054928408,0.00877403861043768,0.228798299242411,92,0.284565499378624,1.92559743772691,91.2648334226598,05-Oct-2021 16:52:44,0.741374137413741,2,19.5833333333333,1,2,4
1,034o,0.70091123623202,0.875125975430013,0.00648364102465113,0.0862526782063426,27,0.475577991039484,2.98935843075085,93.4429047827328,24-Sep-2021 13:59:53,0.807180718071807,2,23.6666666666667,0,1,3
0,034t,0.683708170073727,1.12345566265451,0.00785970396741655,0.198701843852929,64,0.288988220048233,1.94530731572741,91.3200545602896,06-Oct-2021 10:06:39,0.737573757375738,2,22.1666666666667,1,8,2
1,035o,0.689416575274195,1.01210764098577,0.00785516734703418,0.135555273260108,13,0.409738014466032,2.56884567456733,92.4485921611421,25-Sep-2021 07:04:44,0.763576357635764,2,19.0833333333333,0,7,1
0,035t,0.689219979026047,1.34559418011908,0.00980527735733633,0.238701973129703,30,0.371575281931928,2.35274729044469,91.6343025140511,07-Oct-2021 09:09:10,0.729472947294729,2,19.9166666666667,1,11,3
1,036o,0.691292747715955,1.16450219594593,0.00951090440822259,0.183458437031338,38,0.54953528794039,3.54433928103055,92.5325223092555,26-Sep-2021 11:03:39,0.753075307530753,2,21.9166666666667,0,10,2
0,036t,0.693110094672829,0.994723184056631,0.016010580350952,0.531068445611342,23,-0.041622312618086,0.908610366355121,89.8348097685765,07-Oct-2021 12:33:14,0.774977497749775,2,25.8333333333333,0,1,3
1,037o,0.692712120529063,1.2584918280594,0.00884701199045044,0.280580412213692,104,0.391345416343752,2.46232523720986,91.2954407872068,26-Sep-2021 14:17:57,0.747274727472747,2,18.8333333333333,0,11,3
0,037t,0.688444513800194,1.18100068908802,0.00987198238064446,0.30449359152058,54,0.18867468370378,1.54409737159972,90.7604194160981,08-Oct-2021 10:11:42,0.744074407440744,2,18.1666666666667,1,8,2
1,038o,0.698454827327342,1.14708997391147,0.00764563205983296,0.241345335689486,39,0.557198911330306,3.60743829566801,91.5560705684325,26-Sep-2021 16:11:13,0.773377337733773,2,19.1666666666667,0,7,1
0,038t,0.686660595061791,1.2620799272219,0.00447225779380806,0.15244886787651,83,0.299663788627525,1.99371826982659,91.0055635388641,08-Oct-2021 14:13:20,0.731273127312731,2,25.6666666666667,0,1,3
1,039o,0.690890543957797,1.11725617201587,0.00547034400594171,0.118927850105449,57,0.31151019306683,2.0488501367331,91.6230785792892,27-Sep-2021 09:10:00,0.756775677567757,2,19.9166666666667,0,10,2
0,039t,0.692374180381876,0.902224910606126,0.00580454974352434,0.141257445301002,28,0.376792215533976,2.38117994168347,91.6493965074085,11-Oct-2021 10:22:03,0.782378237823782,2,22.9166666666667,1,10,2
1,040o,0.700483718998686,0.957955583500567,0.00691567178122701,0.126559890031766,45,0.440273139584525,2.75596145733832,92.4038785236209,27-Sep-2021 12:06:19,0.797779777977798,2,25.3333333333333,0,5,1
0,040t,0.688824698198519,1.3311732760298,0.00891992466458394,0.22288883979882,59,0.132995210858912,1.35829846799741,90.681985061078,11-Oct-2021 14:09:31,0.72987298729873,2,20.8333333333333,0,1,3
1,041o,0.697267529978463,1.03487596263158,0.0042985071298039,0.0813186819176594,57,0.443336935980476,2.77547254714964,92.3340311939519,28-Sep-2021 11:57:28,0.781678167816782,2,23.5,1,3,4
0,041t,0.684052811093545,1.19593316562321,0.0101624091627053,0.277440792066646,15,0.543032048864987,3.49166081322216,91.7806049493031,12-Oct-2021 14:09:02,0.731173117311731,2,21.5833333333333,0,2,4
1,042o,0.69657452718656,1.02503238172254,0.00457945668254468,0.0990938028105246,33,0.541298912878781,3.47775443305953,92.2436228755379,29-Sep-2021 11:15:30,0.780878087808781,2,23.6666666666667,0,1,3
0,042t,0.680512831073063,1.07540698647316,0.0148719455674695,0.350327414380928,5,0.0210545330226794,1.04967422474229,90.118037077995,13-Oct-2021 10:43:23,0.734173417341734,2,27.0833333333333,0,10,2
1,043o,0.694340328264035,0.9965548941149,0.00539146807694159,0.19220996985053,49,0.210872573113823,1.6250718714255,90.7247200569366,04-Oct-2021 08:13:52,0.777977797779778,2,21.5833333333333,0,2,4
0,043t,0.687621274698114,1.10674171560831,0.00507058333583781,0.18240017323234,41,0.348157202552753,2.22924192697216,91.059477084391,13-Oct-2021 14:08:25,0.749374937493749,2,26.75,1,1,3
1,044o,0.686002407618538,1.14241315923611,0.00857195432176485,0.129608395147737,26,0.370546138960891,2.34717861107612,92.6292066361953,04-Oct-2021 13:17:40,0.741574157415742,2,21.3333333333333,0,6,1
0,044t,0.686751824189012,1.09409465380614,0.00457111424304001,0.113688720272076,68,0.301376044811057,2.00159425028603,91.3845597362822,13-Oct-2021 17:14:10,0.748374837483748,2,20.9166666666667,0,11,3
1,045o,0.703034208382339,1.06538758391239,0.00788349770758728,0.180451635213349,42,0.441493498085367,2.76371654267517,91.9243433612336,05-Oct-2021 14:01:46,0.793579357935794,2,24.1666666666667,0,8,2
0,045t,0.695352972613355,1.18477278611961,0.0101320035130578,0.20703602261548,60,0.240767616569354,1.74087511210745,91.4148802282228,14-Oct-2021 13:16:21,0.761576157615762,2,23.6666666666667,0,2,4
1,046o,0.695327411111674,1.02907218497229,0.00986941434623813,0.229198968320666,54,0.31531771214657,2.06689165658233,91.5326138086223,07-Oct-2021 18:05:13,0.777177717771777,2,27.3333333333333,0,6,1
0,046t,0.67871055101147,1.31764805574942,0.00762441333703303,0.195269687266235,26,0.453642522187485,2.84212072919585,91.74475746148,14-Oct-2021 16:04:23,0.704970497049705,2,21.6666666666667,1,2,4
1,047o,0.688323750364131,1.12770130400924,0.00576731281444047,0.114695140788617,56,0.313598047702063,2.05872362206629,91.7832740017484,08-Oct-2021 08:20:34,0.749074907490749,2,22.5,0,3,4
0,047t,0.690590045267855,1.37472531928188,0.00620766798425658,0.164090405935407,61,0.250577059050975,1.78064382940236,91.1291589107406,15-Oct-2021 09:18:33,0.73007300730073,2,21.4166666666667,0,5,1
1,048o,0.678344568401373,1.30903108245808,0.0121397665059525,0.182643512926289,28,-0.0128328783124795,0.970883502902041,89.8870040811857,10-Oct-2021 10:21:54,0.704970497049705,2,26.5833333333333,0,3,4
0,048t,0.692327705680282,1.19434083960019,0.00976414300873618,0.293869773659853,39,0.034759503053276,1.08332683974101,90.1522091493513,15-Oct-2021 12:55:03,0.752775277527753,2,23.75,1,1,3
1,049o,0.689262067388223,1.06064770691765,0.00734855599617168,0.14814920070484,71,0.393625548519552,2.47528692908032,92.0460371572688,11-Oct-2021 11:16:19,0.758275827582758,2,21.4166666666667,0,5,1
0,049t,0.689294511432625,1.11702710638349,0.00760211701596735,0.219601703357621,89,0.376086003798377,2.37731102144451,91.387646542595,15-Oct-2021 15:08:54,0.752675267526753,2,23.4166666666667,0,5,1
1,050o,0.697728324206081,0.961176209496603,0.00625093597053075,0.128575507288661,31,0.468935746110798,2.9439860387023,92.2100838252885,14-Oct-2021 07:00:03,0.79027902790279,2,25.8333333333333,0,11,3
0,050t,0.693322059558918,1.07997025919136,0.0128556563143817,0.318912429001056,37,0.10512235696967,1.27386192492753,90.5492140535481,17-Oct-2021 15:10:58,0.766876687668767,2,25.3333333333333,1,6,1
1,051o,0.696340788042939,1.2028547397565,0.0124364936234778,0.160438348619552,18,0.570790809100485,3.72212375867929,93.8433425508126,17-Oct-2021 11:04:59,0.762276227622762,2,22.8333333333333,0,1,3
0,051t,0.68761314789584,1.1986868447473,0.00532822995122826,0.219915553754194,23,0.290826592113737,1.95355927035161,90.8120069127278,23-Nov-2021 09:42:53,0.74007400740074,3,19,0,11,3
1,052o,0.686652959229189,1.34290098341626,0.00851247885005702,0.18207848560254,36,0.538560729690006,3.45589651824544,92.2649931248559,18-Oct-2021 07:09:32,0.723072307230723,2,25,0,1,3
0,052t,0.695344603271722,1.26901618614153,0.0119080115471247,0.183818550187419,24,0.581065589678353,3.81123378516605,93.2333823288082,23-Nov-2021 14:08:14,0.753075307530753,3,24.9166666666667,1,12,3
1,053o,0.699281158549762,1.1785593229449,0.00531220370663214,0.11351842949016,17,0.44217047926953,2.76802800226108,92.0630868443417,22-Nov-2021 09:09:55,0.772377237723772,3,23,0,11,3
0,053t,0.690343688284848,1.02872186065822,0.00640025004688142,0.168085343369417,45,0.231055317927533,1.702375333342,91.0633697873418,26-Nov-2021 12:08:01,0.764376437643764,3,21.6666666666667,0,3,4
1,054o,0.694005685150736,1.10224598043945,0.00752209009092107,0.167727543797411,90,0.347115565523353,2.22390159091552,91.7066302530946,22-Nov-2021 13:16:38,0.766376637663766,3,27.6666666666667,0,4,4
0,054t,0.693633667584878,1.25393901156719,0.00657240447984545,0.445948159322749,10,0.143005316794574,1.38996964763459,90.2684732873439,29-Nov-2021 12:57:19,0.75017501750175,3,40.75,1,2,4
1,055o,0.693545894116657,1.08443169891077,0.00731182190867252,0.150411030915517,49,0.354460965541275,2.26183523651407,91.8761990769784,23-Nov-2021 14:04:59,0.766976697669767,3,21.0833333333333,0,10,2
0,055t,0.685425199939969,1.40613499325173,0.00588909689556509,0.166261434633598,27,0.501088042808922,3.1702100821008,91.6623616529614,30-Nov-2021 09:37:19,0.713471347134713,3,22.5833333333333,1,4,4
1,056o,0.695563466177564,0.936782208778454,0.0050297065303858,0.0864003547253614,19,0.262541129321187,1.83037944192192,91.8057244755793,24-Nov-2021 11:21:15,0.787178717871787,3,27.5,0,5,1
0,056t,0.688596714325376,1.22073646077846,0.00994224069083881,0.216309945461837,42,0.226196723229857,1.68343643792038,91.2615662906544,30-Nov-2021 12:38:38,0.74037403740374,3,24.75,0,3,4
1,057o,0.694868868914251,1.11240074441727,0.00426190418083076,0.102417912109974,50,0.316862019522404,2.07425439767605,91.4861988856848,24-Nov-2021 14:20:41,0.767576757675768,3,22,1,11,3
0,057t,NaN,NaN,NaN,NaN,NaN,NaN,NaN,NaN,,NaN,3,22.4166666666667,1,6,1
1,058o,0.690415402030599,1.03642791938919,0.0089116519167271,0.194824627874474,27,0.0424790521707361,1.10275504210426,90.2560611376151,25-Nov-2021 11:15:53,0.763776377637764,3,30,1,11,3
0,058t,0.688624363214639,1.1789899637632,0.00676589026062281,0.313289323733098,35,0.10478692343691,1.2728784193756,90.293019936445,03-Dec-2021 12:06:05,0.744674467446745,3,23.6666666666667,1,4,4
1,059o,0.685904789744317,1.24887843856924,0.00618063354448596,0.148629161855672,18,0.77331718449382,5.93358522376054,92.2502539368693,26-Nov-2021 11:09:17,0.730573057305731,3,26.9166666666667,1,12,3
0,059t,0.683021945781978,1.15229191760238,0.0087662883514637,0.131066042532594,27,0.0155078727851864,1.03635339102404,90.1373964294838,03-Dec-2021 15:07:36,0.732873287328733,3,19.5,1,6,1
1,060o,0.692028268926271,1.0519643362139,0.00727431531335797,0.155176192902601,45,0.189316561571223,1.54638120148638,91.1037830697312,26-Nov-2021 18:14:43,0.766376637663766,3,19.6666666666667,0,3,4
0,060t,0.690401469909317,1.06134700462495,0.00798306452546921,0.20284261852085,83,0.357839171978985,2.27949777160015,91.5279948885576,06-Dec-2021 09:08:08,0.761176117611761,3,33.0833333333333,1,10,2
1,061o,0.692471239270118,1.09051434708696,0.00426035778531261,0.107640999724408,38,0.203502745106773,1.59772762801051,90.9922758592918,27-Nov-2021 18:34:19,0.763576357635764,3,33,0,11,3
0,061t,0.69231584751385,1.14809291047971,0.00783251512577337,0.195155874365309,49,0.223737793197931,1.67393192865895,91.0911414629799,08-Dec-2021 14:08:37,0.757375737573757,3,24.5833333333333,0,5,1
1,062o,0.691604301704332,1.18862490882694,0.00481571302420115,0.130993683473749,26,0.242100729453304,1.74622712262138,91.0669545178497,28-Nov-2021 15:57:30,0.751475147514752,3,22.5,0,5,1
0,062t,0.696163850180704,1.20301539143801,0.00725483124334018,0.198928307569202,50,0.397365200734283,2.49669332827376,91.5124145834139,10-Dec-2021 12:14:36,0.761876187618762,3,26.9166666666667,1,3,4
1,063o,0.696885880642657,1.28056754102635,0.00639801481898986,0.225950304827677,75,0.318115831347924,2.08025144017575,91.0137105032965,29-Nov-2021 07:09:31,0.755875587558756,3,28.5,0,5,1
0,063t,0.686298004007672,1.34274244854355,0.0112146124333613,0.290638400943123,49,0.493525052764093,3.1154806107821,91.7981404887623,13-Dec-2021 12:11:12,0.722172217221722,3,29.3333333333333,0,8,2
1,064o,0.691947834573747,1.03001544417828,0.0054230191984554,0.0979313289827332,39,0.3635435315793,2.30963595405936,92.1735296494298,30-Nov-2021 09:18:58,0.768376837683768,3,21.8333333333333,0,2,4
0,064t,0.69407998442451,1.19028568605295,0.00652586187503985,0.218496621267862,49,0.228944052864358,1.69411954475868,90.8274050210188,21-Jan-2022 09:53:13,0.757675767576758,3,24.6666666666667,1,5,1
1,065o,0.701003778735827,0.9312615504854,0.00728509771019601,0.10991982783828,29,0.425735837025063,2.66523702036753,92.8631924370569,01-Dec-2021 14:13:54,0.801780178017802,3,22.8333333333333,0,2,4
0,065t,0.684377115069628,1.28449260466694,0.00877759467066801,0.266080384209901,53,0.250246091968155,1.77928735351938,90.9833623989304,21-Jan-2022 12:13:47,0.723072307230723,3,24.25,1,10,2
1,066o,0.696655710375682,0.984739717456698,0.00463855220629745,0.0898306369715348,32,0.378244268906191,2.38915468499374,92.0783672958392,09-Dec-2021 12:04:29,0.785178517851785,3,25.6666666666667,0,5,1
0,066t,0.68567999589882,1.33547518733578,0.00724553720009448,0.198823182999995,59,0.1213059347064,1.32222673651529,90.569181590949,07-Mar-2022 15:08:47,0.721272127212721,4,21.75,0,6,1
1,067o,0.695249396811861,0.975230935355756,0.00685442116986797,0.115282260774352,51,0.188947681588952,1.5450682976672,91.3990345523707,10-Dec-2021 10:09:43,0.782478247824782,3,21.6666666666667,0,4,4
0,067t,0.688773080041436,1.10793081950028,0.0101940412519032,0.241574668132616,49,0.28331859299555,1.92007676843373,91.3874061139337,08-Mar-2022 09:11:54,0.752275227522752,4,19.3333333333333,0,11,3
1,068o,0.690947495572375,1.14021753129783,0.00838092901042595,0.181567885049229,51,0.476254498456213,2.99401863057984,92.1145186858548,11-Dec-2021 13:03:27,0.754675467546755,3,24.8333333333333,0,2,4
0,068t,0.67933908224469,1.24894671959266,0.00728415609355981,0.129616841442537,27,0.617056140159375,4.14053194979385,92.8644524716032,08-Mar-2022 12:08:17,0.713571357135714,4,19.25,0,12,3
1,069o,0.694614416899452,1.24466497646137,0.00595504599468442,0.0977303247071471,82,0.323206310700603,2.10477807280637,92.2091761758182,13-Dec-2021 18:11:43,0.753575357535754,3,25.6666666666667,0,4,4
0,069t,0.685331552245577,1.21107436778258,0.00752701344508012,0.257155609203985,49,0.209682078422204,1.62062329953124,90.7526208043838,08-Mar-2022 15:19:17,0.732973297329733,4,25.4166666666667,0,10,2
1,070o,0.688122888415433,1.06870974894605,0.00679385118471564,0.115539121333143,45,0.492127743945885,3.10547290165369,92.7371525463797,10-Jan-2022 12:07:24,0.754575457545755,3,23,0,1,3
0,070t,0.690056173823068,1.22463801700483,0.0056178944650012,0.122140889995159,31,0.325821563083229,2.11749095106813,91.6758272699069,09-Mar-2022 09:10:16,0.743774377437744,4,19.3333333333333,1,11,3
1,071o,0.702047741340172,0.922493299186396,0.00514444028807155,0.0941299087411951,46,0.233875542836456,1.71346620363385,91.5433281348286,10-Jan-2022 15:15:15,0.805380538053805,3,20.4166666666667,0,8,2
0,071t,0.694514292142971,1.12489214934359,0.00436607692700971,0.101774323827485,42,0.340979991096038,2.1927039103214,91.6128166987017,09-Mar-2022 12:04:42,0.765476547654765,4,20.6666666666667,1,6,1
1,072o,0.694323604331351,1.10468887525832,0.0108010818805932,0.207084728905859,75,0.291181811559016,1.95515778505145,91.7516767375905,11-Jan-2022 10:22:07,0.766976697669767,3,30,1,1,3
0,072t,0.685701200576436,1.2057528460478,0.0116231188482809,0.267638990531831,19,0.380313479388265,2.40056505278772,91.7535025220981,09-Mar-2022 15:08:42,0.734473447344735,4,19.3333333333333,1,11,3
1,073o,0.69546639732738,1.09144678998353,0.00661278153064964,0.148241669667021,75,0.311098151099778,2.0469071880561,91.5724594828188,12-Jan-2022 09:09:46,0.771277127712771,3,22.5,0,7,1
0,073t,0.68112078683879,1.3891437897674,0.00834694492577737,0.239135278298096,39,0.0330240008213388,1.0790063507173,90.1519642199289,10-Mar-2022 12:38:00,0.704070407040704,4,20.9166666666667,1,3,4
1,074o,0.697974680878311,1.01437138568317,0.00685543330158819,0.167796156747599,42,0.428575026929725,2.68271802291804,91.7704099542269,12-Jan-2022 13:09:48,0.785578557855786,3,25.5,0,6,1
0,074t,0.682793558173528,1.15676486529349,0.00790296432256663,0.262902489048952,42,0.337377038788899,2.17458825861015,91.1214901312554,11-Mar-2022 12:07:16,0.731873187318732,4,19.5833333333333,1,8,2
1,075o,0.699477367212702,1.11641723930805,0.0068770333068069,0.245789369838065,110,0.390990707578013,2.46031496122817,91.1488067119286,12-Jan-2022 18:10:58,0.779177917791779,3,24,0,4,4
0,075t,0.689845987469066,1.28084688981253,0.00610880812174797,0.170497099361552,19,0.20890987048117,1.61774427090062,90.9186433923418,15-Mar-2022 12:03:38,0.737573757375738,4,24.6666666666667,1,7,1
1,076o,0.690545852835242,0.975010056066991,0.00775309732569834,0.133958930761603,40,0.402570470760535,2.52679768749997,92.4203443482904,13-Jan-2022 17:55:30,0.77027702770277,3,23.8333333333333,0,3,4
0,076t,0.696271216179159,1.00511108800583,0.00582738728148996,0.165621525241031,66,0.387026874544451,2.43796167702581,91.4358659908393,15-Mar-2022 15:11:33,0.782078207820782,4,21.9166666666667,1,4,4
1,077o,0.698453253246701,1.01428094453985,0.0064854370095239,0.140096776403955,31,0.46870781870514,2.94244137470811,92.1038337589285,14-Jan-2022 13:17:52,0.786778677867787,3,23,0,12,3
0,077t,0.685934464911201,1.3123595282092,0.00775726893672919,0.216248530588955,46,0.246084456883593,1.76231872973495,91.0550114613409,17-Mar-2022 09:34:22,0.724272427242724,4,19.4166666666667,1,10,2
1,078o,0.700870723832588,1.10383982534342,0.00536918111001668,0.118861447561212,21,0.628180109684413,4.24795697789718,92.3160372134986,16-Jan-2022 17:11:44,0.784078407840784,3,20,0,7,1
0,078t,0.690179302323343,1.47635599532192,0.0047719309850878,0.2348855820194,27,0.00957434127527665,1.02229053836578,90.0256681069876,17-Mar-2022 15:05:14,0.718771877187719,4,21.25,0,12,3
1,079o,0.692761366610959,1.06441538975119,0.00721878567027545,0.122515162204618,56,0.423649020858862,2.65246108435755,92.5378758731968,17-Jan-2022 11:24:56,0.766976697669767,3,21,0,5,1
0,079t,0.685559252632827,1.11062072814467,0.00738564259426203,0.24379979622253,55,0.282413916526482,1.91608122996566,90.9930975241126,18-Mar-2022 09:37:34,0.743674367436744,4,20.9166666666667,0,3,4
1,080o,0.689224304478806,1.13699517004744,0.00830461945466095,0.19685600054546,39,0.577643463805636,3.78132027906879,92.1010720867315,19-Jan-2022 10:02:53,0.75047504750475,3,24,0,1,3
0,080t,0.691719842412562,0.980842797555955,0.0049293535352813,0.0952283098310183,93,0.232233884595942,1.70700142866812,91.4529254969514,18-Mar-2022 12:04:58,0.772677267726773,4,23.1666666666667,0,12,3
1,081o,0.701548116811005,1.06483820386803,0.00903404464837785,0.199732315108539,73,0.344444258429257,2.21026455127921,91.7123128014676,23-Jan-2022 16:25:42,0.78977897789779,3,29,0,9,2
0,081t,0.687163824154752,1.15938965127188,0.00799381504005344,0.327134651200442,68,0.241669226503925,1.74449298143469,90.7078035144979,24-Mar-2022 10:14:30,0.742874287428743,4,21.8333333333333,1,5,1
1,082o,0.694086204352051,1.04099429511894,0.0123671656588088,0.218814779586087,13,0.486578119033791,3.06604213637251,92.6166620823234,07-Mar-2022 16:07:56,0.772777277727773,4,20.0833333333333,0,2,4
0,082t,0.689623637002134,1.17808053132098,0.0079320183740134,0.223903566063208,30,0.0992574366096424,1.25677472091228,90.4565221017113,28-Mar-2022 13:39:47,0.747374737473747,4,19.6666666666667,0,6,1
1,083o,0.702743709380081,1.09243624889248,0.00727409364426709,0.165891958011537,46,0.300057537112423,1.9955266730069,91.5053010857513,08-Mar-2022 13:07:24,0.79007900790079,4,24.5833333333333,1,8,2
0,083t,0.693816052005961,1.17065399989335,0.00834353794799403,0.263770041043471,33,0.0303837784562398,1.07246660664737,90.1267152998841,29-Mar-2022 09:13:56,0.758975897589759,4,21.75,1,6,1
1,084o,0.70392966685931,0.901202598792644,0.00401376077645939,0.0964259815266181,19,0.483287100990462,3.04289594171443,91.9204658452143,08-Mar-2022 16:04:48,0.812381238123812,4,23,0,3,4
0,084t,0.689204215332635,1.13438474598901,0.0143957670733032,0.20114218913377,20,0.117808242944576,1.31162064218572,91.0909196750031,29-Mar-2022 12:06:57,0.750675067506751,4,21.9166666666667,1,4,4
1,085o,0.696003812563246,0.98898557278523,0.00934116802843869,0.152142179330151,63,0.282443557289645,1.91621200769933,92.0161417318052,09-Mar-2022 09:12:45,0.782978297829783,4,31.0833333333333,0,1,3
0,085t,0.689103878100851,1.02415957247075,0.00504721432480615,0.125896141101164,29,-0.0576203292322371,0.875749041720705,89.6965425127984,30-Mar-2022 13:03:09,0.761576157615762,4,20.4166666666667,0,10,2
1,086o,0.696235746386069,1.17512284809432,0.00512001572057603,0.149083315734382,37,0.350935460027197,2.24354848800558,91.3160877263945,09-Mar-2022 12:09:37,0.764876487648765,4,22,0,2,4
0,086t,0.694437818420952,1.32282996309952,0.0116437828915028,0.270969047476751,35,0.398144337962098,2.50117649068263,91.784403195644,31-Mar-2022 09:47:30,0.745274527452745,4,21.25,0,12,3
1,087o,0.696596106693517,1.03039283894848,0.00636999175158476,0.111529594412066,97,0.245303752692003,1.75915356467412,91.6775881971863,10-Mar-2022 11:07:00,0.78037803780378,4,24.25,0,12,3
0,087t,0.689063656530604,1.44193574059654,0.00388507381058119,0.182224159308041,26,0.362062260596925,2.3017717765003,90.8337952696913,31-Mar-2022 15:02:48,0.719271927192719,4,24.8333333333333,0,5,1
1,088o,0.694152156096335,1.20606943435796,0.00660541326347264,0.157822102359756,83,0.313731949043897,2.05935846401768,91.4841920963457,11-Mar-2022 12:12:57,0.756275627562756,4,27,0,2,4
0,088t,0.697011311334849,0.991702155580876,0.00837042479818556,0.246667393831018,31,0.350000666389209,2.23872457370467,91.2980736095129,04-Apr-2022 13:35:20,0.785378537853785,4,21.9166666666667,0,4,4
1,089o,0.699958821803012,1.02241939562786,0.00719982208920368,0.144639616476707,18,0.304445185039749,2.01578952949372,91.7277046016379,14-Mar-2022 18:09:00,0.78987898789879,4,22.4166666666667,1,10,2
0,089t,0.692969518591343,1.23833087855786,0.00758478742234156,0.200330589147125,25,0.435918860402741,2.72846797325729,91.65605033152,05-Apr-2022 09:12:16,0.74997499749975,4,28.6666666666667,1,8,2
1,090o,0.694680603008269,1.10064913006522,0.00951850510960529,0.201452881587887,63,0.528687007302751,3.37821283249151,92.2712858812903,15-Mar-2022 12:14:11,0.768276827682768,4,21.1666666666667,0,12,3
0,090t,0.68150427357311,1.18450248211733,0.00990311155937552,0.229035298175619,61,0.322028408080972,2.09907718401958,91.5622419009271,05-Apr-2022 12:07:30,0.725672567256726,4,19.6666666666667,0,8,2
1,091o,0.697224287991386,1.11675172328742,0.00845560772686622,0.158528973431389,114,0.338319276157496,2.17931132723138,91.9954100221828,15-Mar-2022 17:06:25,0.773277327732773,4,21,0,3,4
0,091t,0.682830481953105,1.29063697395095,0.00692525356060187,0.204915525055511,33,0.358491441480104,2.28292393529236,91.3134805140457,05-Apr-2022 15:13:18,0.718371837183718,4,28.6666666666667,1,7,1
1,092o,0.699586928857603,0.856244152175117,0.00475143170568641,0.0735277742662372,45,0.277891888247766,1.89623382062436,92.0962351935406,17-Mar-2022 11:30:27,0.805680568056806,4,31.6666666666667,0,8,2
0,092t,0.694951703102758,1.12580899971123,0.00736719211952653,0.170406884335264,23,0.467135500108537,2.93180782816402,91.9613693933946,06-Apr-2022 09:12:11,0.766476647664767,4,20.9166666666667,1,5,1
1,093o,0.688663234858808,1.02911158178732,0.00638956007694441,0.13088340675413,17,0.364873370258237,2.31671905237085,91.9202085087066,25-Mar-2022 12:17:09,0.75997599759976,4,27.25,0,12,3
0,093t,0.694249324995584,1.18923326314864,0.00697251765967295,0.193432507329766,33,0.0470108213799893,1.11432229897973,90.2229772644911,07-Apr-2022 10:24:21,0.758275827582758,4,22.1666666666667,1,2,4
1,094o,0.699058010077367,1.1706369325906,0.00362685551098356,0.0717251998276456,18,0.303031590617678,2.00923895950668,91.7491539333138,27-Mar-2022 14:05:35,0.772577257725773,4,22.75,1,7,1
0,094t,0.692522246959737,1.15333737019142,0.00942170622633333,0.278522502588876,52,0.418704030466762,2.6224307607275,91.4464964945534,07-Apr-2022 15:05:06,0.757375737573757,4,25.1666666666667,1,2,4
1,095o,0.694443624762894,1.19297033664479,0.00761635681029719,0.199348658519599,42,0.46717856280928,2.93209854754425,91.733283732512,28-Mar-2022 11:22:59,0.758375837583758,4,21.4166666666667,0,11,3
0,095t,0.684475278583447,1.46809767043065,0.00635415125127878,0.226132473859275,33,0.396652146927281,2.49259745308431,91.1638420171841,13-Apr-2022 10:09:13,0.704770477047705,4,21.75,1,7,1
1,096o,0.69296861826603,1.12700438807985,0.00838308690021642,0.219846524842904,13,0.76660574020657,5.84259442825555,92.0598580118649,28-Mar-2022 18:18:43,0.761176117611761,4,25,0,4,4
0,096t,0.691026118365272,1.00340485750028,0.00677120613919267,0.13264818222923,87,0.369369284990675,2.34082682138105,92.023877837079,21-Apr-2022 12:36:58,0.768676867686769,4,20.1666666666667,1,2,4
1,097o,0.690880480298959,1.28999489679364,0.0103893793528654,0.27988680936931,41,0.580493612688121,3.80621759630552,91.8521332087742,29-Mar-2022 17:14:08,0.739373937393739,4,20.6666666666667,0,8,2
0,097t,0.694298716432252,0.983139460018518,0.00476801023875198,0.133274639628372,35,0.351313719915454,2.24550341517446,91.3720250066727,21-Apr-2022 15:06:37,0.779177917791779,4,36.5,1,10,2
1,098o,0.692987794289032,1.12090311643676,0.00527572236032508,0.150272769952658,43,0.369789833703962,2.34309465700761,91.3922659053498,30-Mar-2022 13:06:17,0.761876187618762,4,30.6666666666667,0,8,2
0,098t,0.686983129825783,1.3115950163369,0.00728044399926533,0.153779372747368,38,0.316858184874102,2.07423608291195,91.6912659647983,22-Apr-2022 10:36:59,0.727072707270727,4,23.3333333333333,1,1,3
1,099o,0.698316515484054,0.963104030119646,0.00310941545033356,0.0691449941860037,36,0.295489139907401,1.97464550023919,91.5263814304545,31-Mar-2022 09:16:39,0.791579157915792,4,28.3333333333333,0,11,3
0,099t,0.692599222838482,1.08979072732689,0.00988865363287508,0.305571029098943,22,0.579634213524292,3.79869314909835,91.6138134052682,22-Apr-2022 12:41:23,0.763976397639764,4,25.4166666666667,0,6,1
1,100o,0.701828972727433,1.15230172501974,0.00678982298295217,0.14665348600712,36,0.179389375653866,1.51143465470996,91.0391577670107,03-Apr-2022 07:18:28,0.781678167816782,4,24.1666666666667,0,1,3
0,100t,0.689577767472504,0.966472753994565,0.0105165215182072,0.215993407856253,55,0.228718922107376,1.69324157003572,91.3490934164384,22-Apr-2022 15:55:33,0.768576857685769,4,25,0,4,4
1,101o,0.698436169851103,1.04190618105859,0.0103396551774092,0.199208411678252,131,0.318719566591607,2.08314531639951,91.8623477386519,03-Apr-2022 14:34:08,0.783978397839784,4,23.1666666666667,0,1,3
0,101t,0.691262650953928,1.26283174973614,0.00715074832189891,0.223426906599798,58,0.244472220512953,1.75578858223531,90.9360907044706,05-Jun-2022 17:13:53,0.743074307430743,1,23.5833333333333,0,11,3
1,102o,0.690857408486775,1.07585071217194,0.0107515447172768,0.169204345760589,48,0.199559007652544,1.58328467320481,91.56908859079,06-Apr-2022 12:14:26,0.760876087608761,4,32.8333333333333,0,6,1
0,102t,0.685689243415396,1.20092733693297,0.0114024977920037,0.201043113334398,36,0.211232836593493,1.62642048847377,91.4701271574404,05-Jun-2022 20:29:24,0.734873487348735,1,28.5,1,11,3
1,103o,0.690592287325253,0.843906478916811,0.00923135277209244,0.188936433419552,42,0.368908145696093,2.3383426213932,91.9354739592013,08-Apr-2022 08:11:00,0.783578357835784,4,24.8333333333333,0,6,1
0,103t,0.691188628996261,1.29026288828444,0.00550927426358487,0.126681361308162,69,0.166469967784003,1.46713462849787,90.9123503146784,06-Jun-2022 09:04:29,0.74017401740174,1,26.9166666666667,1,7,1
1,104o,0.704382811032349,1.0185855273719,0.00534331915624205,0.125336529786801,26,0.293812618090168,1.96703740313806,91.4407386775338,09-Apr-2022 13:13:45,0.801780178017802,4,22,0,4,4
0,104t,0.690983093739156,1.17092868539162,0.00576311971530129,0.189772454144414,28,0.00177146319541665,1.00408727496399,90.0071038407593,06-Jun-2022 12:00:04,0.751675167516752,1,28,1,6,1
1,105o,0.693755028329901,1.17739101053622,0.00790083470878422,0.213089658595494,31,0.568835500891439,3.70540344448457,91.8359518056009,10-Apr-2022 15:31:05,0.758175817581758,4,27.75,0,7,1
0,105t,0.67270311372566,1.72426728236301,0.00811859599138624,0.153458912739391,50,-0.00793830079698052,0.981887427565875,89.9444450192608,06-Jun-2022 15:12:53,0.648364836483648,1,23.1666666666667,1,4,4
1,106o,0.696655222204912,0.981765285336164,0.00799081566091605,0.1399667058379,39,0.224514817221723,1.67692954811047,91.5584579294943,11-Apr-2022 09:16:43,0.785478547854785,4,24.25,0,12,3
0,106t,0.693928380931308,0.963652044535024,0.00528513632608995,0.110692008159885,42,0.0539266051429956,1.13220900611802,90.3387101812548,07-Jun-2022 10:41:46,0.78017801780178,1,21.8333333333333,0,8,2
1,107o,0.695204678054162,0.949350596411249,0.00504984027147907,0.0960457894621102,26,0.480079352006942,3.02050356053357,92.4182588925304,14-Apr-2022 12:15:55,0.784978497849785,4,27.8333333333333,0,6,1
0,107t,0.68898032659202,1.10829233574288,0.00502263894224136,0.121573267645369,57,0.414881539439419,2.59945042600608,91.757592667522,07-Jun-2022 13:42:20,0.752775277527753,1,23.25,0,3,4
1,108o,0.693702891770077,1.08693488013853,0.00575385395707222,0.169671791488625,47,0.572398237051969,3.73592575717236,91.6831855969087,15-Apr-2022 13:20:18,0.767176717671767,4,23.75,0,7,1
0,108t,0.691781612122981,1.12311317488806,0.00546574004000775,0.125571508326173,30,0.363737067942667,2.31066543561057,91.7082967500536,10-Jun-2022 08:43:01,0.758575857585759,1,21.6666666666667,1,9,2
1,109o,0.698572512169246,1.09165094180523,0.0102951759964477,0.202392771001997,59,0.23633121146814,1.72318224616136,91.4485069150754,18-Apr-2022 13:18:46,0.779277927792779,4,23.5833333333333,0,9,2
0,109t,0.690918501990072,1.2423861270033,0.00684900559429999,0.212572034382367,70,0.365086536616875,2.3178564552232,91.2671569978037,13-Jun-2022 11:08:03,0.744274427442744,1,28.5833333333333,1,11,3
1,110o,0.693478777709516,1.02504000278744,0.00388328197689798,0.0997764305596252,41,0.116933472359493,1.30898139060188,90.5871173351519,19-Apr-2022 14:08:11,0.772777277727773,4,22.8333333333333,0,6,1
0,110t,0.689608446591246,1.11132925610323,0.00692749667919467,0.133143145064791,34,0.132161428717857,1.3556932344385,90.88230090087,13-Jun-2022 13:38:06,0.754075407540754,1,34.25,1,3,4
1,111o,0.701442153134753,0.89056151005886,0.0097020971627521,0.168887568702797,21,0.475318828038313,2.98757507861922,92.6295386519707,20-Apr-2022 18:08:31,0.807080708070807,4,22.3333333333333,0,11,3
0,111t,0.685752873048282,1.30505388694185,0.00370296438603405,0.0865456540245088,28,0.0601758555409182,1.14861862869561,90.3381220827359,14-Jun-2022 09:17:36,0.724572457245725,1,35.0833333333333,1,4,4
1,112o,0.693944666011148,1.32188050905709,0.00697422127696039,0.186212226223582,42,0.330263726183567,2.1392607654838,91.3771423737844,07-Jun-2022 09:40:45,0.744074407440744,1,20,0,8,2
0,112t,0.694302757642563,1.17858482421399,0.0050120796517166,0.0939480638630938,44,0.329774537283481,2.13685246075995,91.960901605135,14-Jun-2022 12:12:55,0.759475947594759,1,29.6666666666667,1,10,2
1,113o,0.690163027328577,1.20993872317409,0.0121848485559928,0.248446088004771,57,0.28385422776435,1.92244634576518,91.6153771561497,07-Jun-2022 13:38:28,0.745574557455746,1,23,0,6,1
0,113t,0.692617056738467,1.11992085060491,0.0071476316834061,0.241086887551658,56,0.210581414972415,1.62398276171733,90.7651417208758,15-Jun-2022 09:34:43,0.760976097609761,1,24.75,1,9,2
1,114o,0.690933104628324,1.03810195392079,0.0154191133510495,0.276376013243429,79,0.16451159677063,1.46053374889812,91.1590625655098,09-Jun-2022 10:17:47,0.764876487648765,1,26,0,8,2
0,114t,0.693602580854319,1.08478130189225,0.0074724814563361,0.156607102867737,38,0.311694406452966,2.04971937568079,91.6845426727633,15-Jun-2022 17:05:26,0.767076707670767,1,25.0833333333333,1,5,1
1,115o,0.699924273136218,1.09914924225662,0.00708585245112676,0.126219321233552,41,0.310499400844066,2.04408711596248,91.9773184997102,09-Jun-2022 14:10:32,0.782078207820782,1,19,0,10,2
0,115t,0.683214058210234,1.28049551512694,0.0052491559951193,0.0971029755705737,47,0.331035160359269,2.14306409596418,91.9922786172134,16-Jun-2022 09:36:36,0.72047204720472,1,29.9166666666667,1,7,1
1,116o,0.701508695178856,0.989067624238434,0.00978372768752146,0.134635005560084,12,0.354090006993783,2.25990408401457,92.8059446550217,10-Jun-2022 13:42:29,0.797279727972797,1,22,0,4,4
0,116t,0.691072758272556,1.23831197103457,0.00549866381479303,0.136279632343743,40,0.354903375857128,2.26414051354544,91.5580865911186,17-Jun-2022 13:14:42,0.745074507450745,1,30.5,1,12,3
1,117o,0.701313997114823,0.936352230783422,0.00463040237529617,0.0985112583170227,57,0.328833446161801,2.13222703790834,91.7237239379717,13-Jun-2022 11:23:58,0.802080208020802,1,23,0,4,4
0,117t,0.687481500610258,1.21370865934039,0.0058936003056443,0.174610332039672,51,0.156185065820892,1.43279832726875,90.6676169130354,20-Jun-2022 09:36:26,0.738273827382738,1,24.25,1,4,4
1,118o,0.700421700581975,1.05336505120023,0.00950493275062655,0.141943407604673,82,0.305595695062082,2.02113673237215,92.3329773959004,13-Jun-2022 15:05:42,0.787978797879788,1,39,0,10,2
0,118t,0.68980053043614,1.2574357496287,0.00683940751635027,0.195774888681503,63,0.482594805638559,3.03804921978443,91.6105646320119,20-Jun-2022 16:21:25,0.73987398739874,1,31.4166666666667,0,1,3
1,119o,0.691185499724594,1.23032330564662,0.00573837532400625,0.11068633166093,53,0.167848875938404,1.47180026212939,91.0964985008135,14-Jun-2022 12:09:12,0.746174617461746,1,25,NaN,10,2
0,119t,0.684981824151455,1.11281034024767,0.00761783947304356,0.254843784175976,68,0.122963046649248,1.32728151688378,90.4727449006411,21-Jun-2022 09:33:12,0.741974197419742,1,26.3333333333333,1,2,4
1,120o,0.695533741598535,1.07870970599038,0.00811188498968594,0.150689472734881,57,0.48679767369993,3.06759254530261,92.4927021746613,15-Jun-2022 07:17:41,0.772777277727773,1,23,0,3,4
0,120t,0.68787515341612,1.35415557856776,0.0109382071160308,0.242255942704223,27,0.261355167526195,1.82538790059915,91.3943798251171,21-Jun-2022 13:36:24,0.725072507250725,1,23.8333333333333,0,8,2
1,121o,0.703305526982093,0.938218375573179,0.00729599416238602,0.120971200120836,25,0.304063438313903,2.01401842030897,92.0926462325368,15-Jun-2022 11:18:53,0.807080708070807,1,22,0,3,4
0,121t,0.686320242227071,1.21080275801668,0.00769748617613739,0.330994595224433,39,-0.0454859869551847,0.90056282004723,89.8608793684743,21-Jun-2022 17:16:26,0.735473547354735,1,29.9166666666667,1,7,1
1,122o,0.688755048666307,1.08985267846103,0.0132100568912243,0.290401915859209,127,0.0609990330433219,1.15079782669018,90.3644180143863,15-Jun-2022 15:15:43,0.754075407540754,1,28,0,7,1
0,122t,0.692032505085785,0.965939216951065,0.00780253216365564,0.106215344257226,54,0.173997128242165,1.49278453855819,91.608488209881,22-Jun-2022 11:22:46,0.775077507750775,1,34.4166666666667,0,1,3
1,123o,0.697711131266271,1.02956201262416,0.00543223826390333,0.12210273409619,31,0.181934808821869,1.52031930015663,91.0110527618975,16-Jun-2022 09:27:03,0.783378337833783,1,30,0,9,2
0,123t,0.689349189661743,1.20044663914466,0.00398410498668525,0.102573386889788,26,0.303997773583463,2.01371392650424,91.3460065926907,22-Jun-2022 13:55:46,0.744374437443744,1,23.6666666666667,1,10,2
1,124o,0.691905144194923,0.967002574969053,0.00808643308453696,0.13483580956685,35,0.453969266160874,2.84425981979515,92.6819317645528,16-Jun-2022 17:07:47,0.774577457745775,1,23,0,10,2
0,124t,0.691732933648936,1.23308091348852,0.00620765600658625,0.161748616814691,34,0.17353394588809,1.49119330748133,90.835675394732,23-Jun-2022 13:04:57,0.747274727472747,1,23.5833333333333,1,11,3
1,125o,0.700830143625044,1.03476862629748,0.00874450853480527,0.171143616776993,21,0.522580051997317,3.33104156585482,92.4439015143935,17-Jun-2022 13:41:06,0.790879087908791,1,22,0,5,1
0,125t,0.694240636759847,1.27669771839207,0.00648474992962292,0.219404898959426,15,0.294306405111749,1.96927517029059,90.9995961020115,24-Jun-2022 09:50:10,0.749374937493749,1,23.0833333333333,1,6,1
1,126o,0.698732390211515,1.04030633234039,0.00750839919734824,0.123987598116198,78,0.450071570939485,2.81884743391096,92.6959209713501,21-Jun-2022 11:15:14,0.784878487848785,1,22,0,6,1
0,126t,0.687362353408012,1.26514275924564,0.0075022894727479,0.184179653856141,59,0.280086392432225,1.90583980120564,91.3274506813941,27-Jun-2022 17:13:52,0.732773277327733,1,29.5833333333333,1,11,3
1,127o,0.701917470412237,0.946362000997519,0.00601912250585559,0.091097096857364,26,0.480198566777412,3.02133280907518,93.0400569229089,22-Jun-2022 14:21:44,0.802680268026803,1,22,1,6,1
0,127t,0.691158510403091,1.1511173400756,0.0129103771758529,0.373602151999378,35,-0.0166225446527317,0.96244840107976,89.924164719665,27-Jun-2022 20:07:58,0.754075407540754,1,31.9166666666667,1,7,1
1,128o,0.701967365515131,1.09177104003054,0.00639195919185094,0.146621878027475,33,0.333143301688197,2.15349219311587,91.6130297884498,25-Jun-2022 14:34:40,0.788078807880788,1,21,0,5,1
0,128t,0.689975960913551,1.13937881695909,0.0106430017089427,0.169942837058673,51,0.171824790930659,1.48533628654564,91.354256773809,28-Jun-2022 10:13:17,0.752175217521752,1,26.25,1,3,4
1,129o,0.692667491367477,1.12565680627549,0.00798129167363207,0.218178367088342,65,0.356747382284569,2.27377445104512,91.4173064039991,28-Jun-2022 13:18:52,0.760576057605761,1,25,1,3,4
0,129t,0.688147016893591,1.15300983556401,0.00602429600081294,0.167611110399966,53,0.201721208384493,1.5911869503188,90.8940558582678,29-Jun-2022 09:28:50,0.746074607460746,1,22.6666666666667,1,10,2
1,130o,0.693817530558056,0.969217853413214,0.00989210385355166,0.19622433227613,68,0.327089895527141,2.12368400232087,91.8421349144549,04-Jul-2022 14:07:16,0.779377937793779,1,32,0,2,4
0,130t,0.691780121072772,1.15225704339404,0.013089176667062,0.37510587568835,53,0.155522144265791,1.43061292456335,90.6875537490713,30-Jun-2022 12:10:43,0.755575557555756,1,23.1666666666667,1,4,4
1,131o,0.697507080582316,0.944559143881121,0.00880239453012282,0.193913135922064,92,0.3854537251488,2.4291465983304,91.8483116536326,04-Jul-2022 18:16:15,0.791379137913791,1,22,0,3,4
0,131t,0.693768820819281,1.21176971531016,0.0071469905728508,0.13915246026555,63,0.307124296076293,2.02826313001729,91.7942522455015,03-Jul-2022 15:48:30,0.754775477547755,1,23.3333333333333,1,2,4
1,132o,0.687001792424884,1.19904682598239,0.0104783945601258,0.250584854672936,34,0.294270464972702,1.9691122092171,91.4147555440882,05-Jul-2022 08:06:42,0.738473847384738,1,35,0,10,2
0,132t,0.687010507905308,1.33122402950208,0.00554388658839611,0.185374412935899,83,0.283436560821256,1.92059839156499,90.9830939801606,05-Jul-2022 16:44:07,0.725172517251725,1,25.6666666666667,1,10,2
1,133o,0.695994426591116,1.12517231342171,0.00757301816462921,0.161925283576063,59,0.421243538289271,2.63781016972856,92.007306700173,28-Nov-2022 10:52:21,0.769276927692769,3,22,0,6,1
0,133t,0.693832115969777,1.1675632089581,0.0150599596680882,0.333709953401786,54,0.0018260083952088,1.00421339118869,90.0108937788015,05-Jul-2022 19:27:48,0.759375937593759,1,33.4166666666667,0,2,4
1,134o,0.692400459151374,1.27904281026781,0.00620134261407045,0.156611855416396,139,0.308395073225678,2.03420666639534,91.3867062750391,29-Nov-2022 14:09:17,0.744374437443744,3,21,0,12,3
0,134t,0.678668942235086,1.51788577736636,0.00518179900191594,0.159082976382209,28,-0.0117429734043452,0.973323090883416,89.9494957401548,06-Jul-2022 10:47:21,0.684668466846685,1,31.75,1,10,2
1,135o,0.708020353356795,0.988491415185152,0.00566174965093865,0.0961592246059515,54,0.395764987393582,2.48751087102269,92.4373954231763,29-Nov-2022 18:07:52,0.814181418141814,3,20,0,8,2
0,135t,0.684662478596347,1.26752640759595,0.00497502129828884,0.121040618583555,30,0.266250127057388,1.84607834126782,91.287785151174,06-Jul-2022 13:09:46,0.725472547254725,1,32.75,0,9,2
1,136o,0.69371739853026,1.14847925602211,0.00681737656047547,0.171055640702684,90,0.412451269644384,2.58494477751723,91.6897193831473,30-Nov-2022 07:58:48,0.760976097609761,3,28,0,1,3
0,136t,0.687825540815722,1.20362667612776,0.0081320733201736,0.217384827880377,64,0.172379391056931,1.4872342933862,90.8096258606749,06-Jul-2022 15:39:20,0.74017401740174,1,29.75,0,10,2
1,137o,0.694545891505102,1.04909366228689,0.00485734099035129,0.10589707638061,42,0.346999890843974,2.22330933184246,91.7451757252288,05-Dec-2022 09:14:56,0.773177317731773,3,21,0,2,4
0,137t,0.688392177196068,1.3073087477374,0.00743521095820916,0.238307019717128,37,0.382629909448546,2.41340334008159,91.2641596619249,06-Jul-2022 18:54:35,0.731173117311731,1,28.5833333333333,1,11,3
1,138o,0.701936697764434,0.947091713746974,0.00646362487970946,0.0843286734535481,37,0.470968104881141,2.95779523446877,93.4938336982507,05-Dec-2022 16:50:30,0.802580258025803,3,20,0,3,4
0,138t,0.694568989495056,1.18363661176652,0.00758808630974215,0.219180584683842,77,0.41601940934728,2.60627002596573,91.4749648304218,07-Jul-2022 12:02:28,0.75967596759676,1,32.9166666666667,0,7,1
1,139o,0.706419251981974,0.867354789761849,0.00709612768795415,0.127197109571818,36,0.547132838110139,3.52478667576652,92.7205034437008,06-Dec-2022 09:10:38,0.822282228222822,3,22,1,3,4
0,139t,0.685107582052211,1.18570451882609,0.00852318796802195,0.207401315102273,36,0.188366197713748,1.54300096514467,90.9629519506194,08-Jul-2022 08:43:09,0.734873487348735,1,22.5833333333333,1,1,3
1,140o,0.69197323547132,1.11760381464595,0.00774165554100578,0.0975165289959508,20,0.310231825176052,2.04282810959402,92.7988173812386,06-Dec-2022 15:19:40,0.75957595759576,3,24,0,3,4
0,140t,0.683185698259524,1.26949423928239,0.00465124873758947,0.140905662760238,31,0.335306820883142,2.16424698353755,91.2264106464075,08-Jul-2022 12:31:28,0.721472147214722,1,25.9166666666667,1,8,2
1,141o,0.697911508503312,1.04792399383591,0.00792538656134323,0.156487809448244,27,0.24915540632893,1.77482446388624,91.5058034315721,07-Dec-2022 09:14:41,0.781978197819782,3,20,0,7,1
0,141t,0.688333418802238,1.07251356229821,0.0153264147335976,0.317378968142573,195,-0.0198054256432462,0.955420541492541,89.8736151138305,29-Nov-2022 14:14:53,0.754675467546755,3,19,0,2,4
1,142o,0.69503727574586,0.954966396800795,0.0107961048620407,0.221520969466582,72,0.42398763599608,2.65452998863131,92.0995522796868,08-Dec-2022 11:26:29,0.783978397839784,3,23,0,1,3
0,142t,0.69644844427571,1.17319884785456,0.00766681733703147,0.195369633799505,86,0.249089028391132,1.77455321893562,91.1657542154404,30-Nov-2022 10:01:14,0.765576557655766,3,26,1,5,1
1,143o,0.695358251048275,1.09852458289645,0.00718382390007563,0.128862529060567,38,0.419883677405452,2.62956358822676,92.3888656495587,09-Dec-2022 12:05:00,0.77027702770277,3,22,0,1,3
0,143t,0.698905704422448,1.14145131399124,0.00562690831537725,0.135073002230214,33,0.31179806518377,2.05020866734004,91.4706798590934,01-Dec-2022 13:01:12,0.775177517751775,3,21.8333333333333,0,2,4
1,144o,0.695862837500217,1.13064277138286,0.00856284581982164,0.224739661284801,90,0.244620043499227,1.75638631050217,91.1152585395537,09-Dec-2022 16:06:47,0.768376837683768,3,27,0,8,2
0,144t,0.688366930909916,1.24122183186448,0.0104616382465648,0.260905153996183,76,0.0394708587512195,1.09514306857683,90.2085593272739,02-Dec-2022 11:48:19,0.737773777377738,3,20,0,2,4
1,145o,0.691850351536608,1.04380035522905,0.00708710554096714,0.250570662602714,25,0.277599473208285,1.8949574961914,90.9149794720817,10-Dec-2022 13:51:09,0.766676667666767,3,20,0,10,2
0,145t,0.686908886366586,1.17987552547198,0.00426918143503387,0.193654645548408,43,0.0992827142249341,1.25684787218121,90.2839559023418,02-Dec-2022 14:13:07,0.74017401740174,3,19.5833333333333,0,5,1
1,146o,0.694867291666451,0.908729199915592,0.00789198214879189,0.119885847424943,42,0.561351587862288,3.642097668222,93.2431068148802,11-Dec-2022 14:49:39,0.788178817881788,3,22,0,8,2
0,146t,0.687329903699009,1.23050472282553,0.00786938014400371,0.270229083047775,62,0.369466714093799,2.34135201857114,91.1540515890619,05-Dec-2022 12:07:44,0.736173617361736,3,20.3333333333333,0,9,2
1,147o,0.698619944626614,1.03469462063409,0.00523890102663762,0.169961267729681,21,0.366025452129783,2.32287292594943,91.214245964452,12-Dec-2022 07:12:04,0.785178517851785,3,41,0,5,1
0,147t,0.692262266932611,0.952211304995395,0.0122710187299464,0.165663720794836,17,0.301060775489136,2.00014175135626,92.5538577327942,05-Dec-2022 15:17:07,0.776977697769777,3,19.0833333333333,0,10,2
1,148o,0.690836057100744,1.28583448535654,0.00527532528161759,0.20866957092461,9,0.300979787734624,1.99976879730533,90.8692701759958,12-Dec-2022 13:08:50,0.73967396739674,3,38,1,3,4
0,148t,0.691317996006856,1.04049455028588,0.00654711975534996,0.182120978148058,19,0.337798188558123,2.17669805180142,91.3425664729282,06-Dec-2022 09:50:55,0.765676567656766,3,19.5833333333333,0,4,4
1,149o,0.690972509240197,1.08637617054017,0.0101503175301107,0.183838417261806,38,0.580623251080702,3.8073539349063,92.7550874588596,13-Dec-2022 12:01:30,0.76017601760176,3,26,0,11,3
0,149t,0.686699565475062,1.23213238583614,0.01257146226278,0.192050265429387,17,0.22805133875594,1.69064077361169,91.8117348768222,08-Dec-2022 14:05:57,0.734373437343734,3,26,0,11,3
1,150o,0.693144458489538,1.08367283862155,0.00728646723302127,0.133886558762749,30,0.285076779223386,1.92786571178452,91.7989564499533,14-Dec-2022 10:08:56,0.766076607660766,3,32,0,6,1
0,150t,0.69152232932004,1.30470769992,0.00458210847261669,0.151739897374687,34,0.353813615285826,2.25846630375423,91.1633834185854,12-Dec-2022 10:42:06,0.73957395739574,3,22.0833333333333,0,10,2
1,151o,0.689452723898222,1.07555557555401,0.0128893850914971,0.217710463460886,99,0.262998509628392,1.83230813441495,91.839099265695,14-Dec-2022 18:15:01,0.757275727572757,3,23,0,6,1
0,151t,0.691031772584607,1.14083837660572,0.00711900091780496,0.178559687309849,46,0.365470017139936,2.31990401830629,91.5693816032483,14-Dec-2022 12:30:02,0.754775477547755,3,22,0,12,3
1,152o,0.698836535902978,1.11415162060168,0.00626118734232875,0.119921363347466,36,0.346137506824316,2.21889885892999,91.9836685692329,15-Dec-2022 11:13:58,0.777677767776778,3,22,0,6,1
0,152t,0.695400688361022,1.12763712947051,0.0134258444585973,0.22525892257413,10,0.166971374114867,1.4688294587091,91.25550291938,03-Jan-2023 16:49:05,0.767476747674767,3,23.8333333333333,1,2,4
1,153o,0.695727703608932,1.14020370244539,0.00752292612124426,0.150402492714702,26,0.377961520794341,2.38759972827693,92.012184446525,19-Dec-2022 11:08:14,0.767076707670767,3,23,0,2,4
0,153t,0.690990464887422,1.10812842925781,0.00597526214446897,0.154378899555673,22,0.498278301085374,3.149766075209,91.8118178886615,04-Jan-2023 18:19:22,0.757975797579758,3,21.5,0,2,4
1,154o,0.694054782697661,1.08456901245553,0.00804804517294532,0.223971935772646,75,0.430854805828336,2.69683766972495,91.5615693543854,20-Dec-2022 13:34:59,0.768276827682768,3,28,0,10,2
0,154t,0.689357324474407,1.03309196043201,0.00632465256224956,0.152586535526714,18,0.0900105782355038,1.23029873718734,90.4860719817563,05-Jan-2023 09:07:13,0.761376137613761,3,19.3333333333333,0,8,2
1,155o,0.705441411096218,1.03505782342827,0.00541839472467142,0.127116534605056,16,0.334118950947909,2.1583354848085,91.5802953199167,21-Dec-2022 11:59:49,0.802880288028803,3,19,0,3,4
0,155t,0.685463001579955,1.16768825004857,0.00893285473959463,0.212448651025326,30,0.352390650867601,2.251078556034,91.6161401581449,09-Jan-2023 11:14:45,0.737673767376738,3,24.5,1,7,1
1,156o,0.694546171018511,1.08775377510353,0.00853726693056507,0.191879524739851,39,0.494187632598853,3.12023736035374,92.074828416316,23-Dec-2022 14:04:15,0.769276927692769,3,20,0,10,2
0,156t,0.687480814860512,1.18689640046379,0.00456204199239325,0.134349876620613,29,0.601543027954765,3.99524142412542,91.7160827377799,09-Jan-2023 14:39:43,0.740974097409741,3,25.9166666666667,1,2,4
1,157o,0.692863304454168,1.13886468546513,0.010713096839428,0.227526515154494,181,0.29642987469874,1.97892745906394,91.602143507024,03-Jan-2023 14:33:35,0.75977597759776,3,36,0,8,2
0,157t,0.683712552746701,1.32629647022905,0.00552026156422946,0.181137383008592,43,0.378791550437827,2.39216730544476,91.2270216863946,09-Jan-2023 17:49:08,0.717071707170717,3,23.75,1,9,2
1,158o,0.694543048923931,1.17192165719572,0.00725449780591619,0.213098945662815,55,0.48839351917154,3.0788853642424,91.5784924097147,06-Jan-2023 12:14:11,0.760776077607761,3,29,0,4,4
0,158t,0.689801954541578,1.11334034089683,0.00949277255951849,0.197560397879506,86,0.418089798803399,2.61872442428443,92.0535578166344,12-Jan-2023 08:52:32,0.754375437543754,3,24.5,1,7,1
0,159t,0.689928154758884,1.17403688889298,0.00661655313218694,0.214437384688286,33,0.139103870907107,1.37753889768276,90.5481046664302,12-Jan-2023 12:31:51,0.748574857485749,3,19,1,5,1
0,160t,NaN,NaN,NaN,NaN,NaN,NaN,NaN,NaN,,NaN,3,21.6666666666667,1,5,1
0,161t,0.688788954380125,1.37033040011919,0.0178572358119155,0.286465644114312,17,0.416061003501481,2.6065196510318,92.6578085767516,13-Jan-2023 09:08:20,0.725872587258726,3,26.9166666666667,1,2,4
0,162t,0.691248527172071,1.07082165375455,0.00594773580958823,0.113976213468253,48,0.176508105849383,1.5014404289893,91.1549356361545,13-Jan-2023 13:45:20,0.762376237623762,3,22.75,1,4,4
0,163t,0.689827583633395,1.21215917986654,0.0043173606141156,0.140102858646519,69,0.396935714859827,2.49422549935623,91.2769645893164,13-Jan-2023 15:45:40,0.744474447444744,3,19.5,1,7,1
0,164t,0.682910130083671,1.39451745803467,0.0096605970420183,0.289219513365474,38,0.240576397336091,1.74010877603012,90.9642640657643,14-Jan-2023 13:15:56,0.708170817081708,3,23.8333333333333,1,3,4
0,165t,0.687037793727648,1.13262468709878,0.0158527289342499,0.319088542383718,102,0.0906635203476223,1.23214982686327,90.5871249941921,14-Jan-2023 15:40:20,0.745274527452745,3,20.4166666666667,1,8,2
